{"cameraMode":{"drawMode":0,"name":"Shaded","section":"Shading Mode"},"sceneLighting":true,"audioPlay":false,"sceneViewState":{"showFog":true,"showMaterialUpdate":false,"showSkybox":true,"showFlares":true,"showImageEffects":true,"showParticleSystems":true},"in2DMode":false,"pivot":{"x":0.0,"y":4.999999046325684,"z":-11.339746475219727},"rotation":{"x":-0.2321649044752121,"y":0.007873492315411568,"z":-0.0018871856154873968,"w":-0.9726496934890747},"size":28.05858612060547,"orthographic":false}