{"cameraMode":{"drawMode":0,"name":"Shaded","section":"Shading Mode"},"sceneLighting":true,"audioPlay":false,"sceneViewState":{"showFog":true,"showMaterialUpdate":false,"showSkybox":true,"showFlares":true,"showImageEffects":true,"showParticleSystems":true},"in2DMode":false,"pivot":{"x":-3.16340970993042,"y":-0.20652484893798829,"z":3.0261645317077638},"rotation":{"x":-0.24385540187358857,"y":-0.3462701737880707,"z":0.0937158539891243,"w":-0.9010306000709534},"size":7.401030540466309,"orthographic":false}